{
    "en": {
      "S001": "Vessel get successfully",
      "S002": "Vessel added successfully",
      "S003": "Vessel updated successfully",
      "S004": "Vessel deleted successfully",
      "S005": "Vessel data fetched successfully",
  
      "S006": "Department get successfully",
      "S007": "Department added successfully",
      "S008": "Department updated successfully",
      "S009": "Department deleted successfully",
      "S010": "Department data fetched successfully",

      "S011": "Rank get successfully",
      "S012": "Rank added successfully",
      "S013": "Rank updated successfully",
      "S014": "Rank deleted successfully",
      "S015": "Rank data fetched successfully",

      "S016": "Cargo get successfully",
      "S017": "Cargo added successfully",
      "S018": "Cargo updated successfully",
      "S019": "Cargo deleted successfully",
      "S020": "Cargo data fetched successfully",

      "S021": "Industry get successfully",
      "S022": "Industry added successfully",
      "S023": "Industry updated successfully",
      "S024": "Industry deleted successfully",
      "S025": "Industry data fetched successfully",

      "S026": "Certificates get successfully",
      "S027": "Certificate added successfully",
      "S028": "Certificate updated successfully",
      "S029": "Certificate deleted successfully",
      "S030": "Certificate data fetched successfully",

      "S031": "ShipType get successfully",
      "S032": "ShipType added successfully",
      "S033": "ShipType updated successfully",
      "S034": "ShipType deleted successfully",
      "S035": "ShipType data fetched successfully",

      "E001": "All fields are required",
      "E002": "Vessel already exists",
      "E003": "Error adding vessel",
      "E004": "Error updating vessel",
      "E005": "Error deleting vessel",
      "E006": "No master data found",
      "E007": "VesseID not found",
      

      "E008": "All fields are required",
      "E009": "Department already exists",
      "E010": "Error adding Department",
      "E011": "Error updating Department",
      "E012": "Error deleting Department",
      "E013": "Error fetching department data",
      "E014": "DepartmentId not found",


      "E015": "All fields are required",
      "E016": "Rank already exists",
      "E017": "Error adding Rank",
      "E018": "Error updating Rank",
      "E019": "Error deleting Rank",
      "E020": "Error fetching Rank data",
      "E021": "RankId not found",

      
      "E022": "All fields are required",
      "E023": "Cargo already exists",
      "E024": "Error adding Cargo",
      "E025": "Error updating Cargo",
      "E026": "Error deleting Cargo",
      "E027": "Error fetching Cargo data",
      "E028": "CargoId not found",

      "E029": "All fields are required",
      "E030": "Industry already exists",
      "E031": "Error adding Industry",
      "E032": "Error updating Industry",
      "E033": "Error deleting Industry",
      "E034": "Error fetching Industry data",
      "E035": "IndustryId not found",

      
      "E036": "All fields are required",
      "E037": "Certificate already exists",
      "E038": "Error adding Certificate",
      "E039": "Error updating Certificate",
      "E040": "Error deleting Certificate",
      "E041": "Error fetching Certificate data",
      "E042": "CertificateId not found",

      "E043": "All fields are required",
      "E044": "ShipType already exists",
      "E045": "Error adding ShipType",
      "E046": "Error updating ShipType",
      "E047": "Error deleting ShipType",
      "E048": "Error fetching ShipType data",
      "E049": "ShipTypeId not found",
      "E050": "ShipTypeId Is Required"

    },
    "ru": {
      "S001": "Судно успешно добавлено",
      "S002": "Судно успешно обновлено",
      "S003": "Судно успешно удалено",
      "S004": "Данные мастера успешно получены",

      "S006": "Отдел успешно получен",
      "S007": "Отдел успешно добавлен",
      "S008": "Отдел успешно обновлен",
      "S009": "Отдел успешно удален",
      "S010": "Данные отдела успешно получены",
  
      "E001": "Все поля обязательны к заполнению",
      "E002": "Судно уже существует",
      "E003": "Ошибка при добавлении судна",
      "E004": "Ошибка при обновлении судна",
      "E005": "Ошибка при удалении судна",
      "E006": "Данные мастера не найдены",

      "E008": "Все поля обязательны",
      "E009": "Отдел уже существует",
      "E010": "Ошибка при добавлении отдела",
      "E011": "Ошибка при обновлении отдела",
      "E012": "Ошибка при удалении отдела",
      "E013": "Нет данных мастера",
      "E014": "Идентификатор отдела не найден"
    }
  }
  